City_ID,City,Country,Date,Lat,Lng,Max Temp,Humidity,Cloudiness,Wind Speed
0,Rikitea,PF,2021-04-16 19:50:39,-23.1203,-134.9692,77.11,69,100,10.29
1,Bluff,NZ,2021-04-16 19:50:25,-46.6,168.3333,42.01,94,92,5.01
2,Ushuaia,AR,2021-04-16 19:50:20,-54.8,-68.3,46.4,61,20,37.98
3,Kapaa,US,2021-04-16 19:50:40,22.0752,-159.319,73.99,73,1,8.05
4,Ilulissat,GL,2021-04-16 19:50:40,69.2167,-51.1,8.6,72,75,16.11
5,Solnechnyy,RU,2021-04-16 19:50:40,50.7214,136.6319,28.6,96,98,3.27
6,Qaanaaq,GL,2021-04-16 19:50:41,77.484,-69.3632,6.04,71,0,1.7
7,Port Alfred,ZA,2021-04-16 19:46:22,-33.5906,26.891,62.65,62,6,16.67
8,Tall Kayf,TR,2021-04-16 19:50:41,37.0833,41.0667,64.85,38,100,7.54
9,Lorengau,PG,2021-04-16 19:50:41,-2.0226,147.2712,81.3,76,100,7.54
10,Belem De Sao Francisco,BR,2021-04-16 19:50:42,-8.7539,-38.9658,85.78,47,100,16.75
11,Gogrial,SS,2021-04-16 19:50:42,8.5332,28.1004,92.57,14,11,3.51
12,East London,ZA,2021-04-16 19:47:19,-33.0153,27.9116,62.62,59,3,10.87
13,Provideniya,RU,2021-04-16 19:50:42,64.3833,-173.3,28.98,92,100,8.01
14,New Norfolk,AU,2021-04-16 19:50:43,-42.7826,147.0587,53.01,74,100,3.0
15,Hilo,US,2021-04-16 19:50:43,19.7297,-155.09,78.8,53,1,4.85
16,Nome,US,2021-04-16 19:50:43,64.5011,-165.4064,25.0,86,90,8.05
17,Airai,TL,2021-04-16 19:50:44,-8.9266,125.4092,57.61,87,44,2.75
18,Hermanus,ZA,2021-04-16 19:50:44,-34.4187,19.2345,64.99,65,0,4.0
19,Chokurdakh,RU,2021-04-16 19:50:44,70.6333,147.9167,-8.64,100,99,7.72
20,Goderich,CA,2021-04-16 19:50:44,43.7501,-81.7165,37.4,87,100,16.11
21,Japura,ID,2021-04-16 19:50:45,-0.3167,102.35,72.16,98,100,0.78
22,Roma,US,2021-04-16 19:50:45,43.2128,-75.4557,46.0,81,90,6.91
23,Vardo,NO,2021-04-16 19:50:45,70.3705,31.1107,37.4,87,40,20.71
24,Moron,AR,2021-04-16 19:50:46,-34.6534,-58.6198,78.01,59,0,4.0
25,Cape Town,ZA,2021-04-16 19:50:46,-33.9258,18.4232,72.0,72,0,1.14
26,Trat,TH,2021-04-16 19:50:46,12.5,102.5,81.0,99,96,0.76
27,North Bend,US,2021-04-16 19:46:30,43.4065,-124.2243,73.99,43,0,3.0
28,Tanout,NE,2021-04-16 19:50:47,14.9709,8.8879,86.27,5,1,10.83
29,Faanui,PF,2021-04-16 19:50:47,-16.4833,-151.75,82.63,72,8,11.97
30,Victor Harbor,AU,2021-04-16 19:50:47,-35.5667,138.6167,52.0,83,61,4.85
31,Klaksvik,FO,2021-04-16 19:50:48,62.2266,-6.589,46.4,100,90,14.97
32,Krasnoborsk,RU,2021-04-16 19:50:48,61.5598,45.934,35.2,85,10,3.49
33,Hithadhoo,MV,2021-04-16 19:50:48,-0.6,73.0833,82.2,62,55,3.74
34,Hobart,AU,2021-04-16 19:50:49,-42.8794,147.3294,54.0,58,100,8.05
35,Turukhansk,RU,2021-04-16 19:50:49,65.8167,87.9833,-18.38,99,86,4.25
36,Borujerd,IR,2021-04-16 19:50:49,33.8973,48.7516,57.07,25,62,4.81
37,Hamilton,US,2021-04-16 19:50:21,39.1834,-84.5333,61.0,41,40,5.75
38,Port Elizabeth,ZA,2021-04-16 19:50:50,-33.918,25.5701,62.6,72,0,12.66
39,Tuktoyaktuk,CA,2021-04-16 19:50:50,69.4541,-133.0374,15.8,92,90,4.61
40,Coihaique,CL,2021-04-16 19:50:50,-45.5752,-72.0662,59.0,47,40,10.36
41,Orlik,RU,2021-04-16 19:50:51,52.5178,99.825,22.26,85,33,3.29
42,Albany,US,2021-04-16 19:50:51,42.6001,-73.9662,46.0,70,100,8.3
43,Chernyakhovsk,RU,2021-04-16 19:50:51,54.6335,21.8156,47.1,90,100,9.01
44,Lagoa,PT,2021-04-16 19:46:44,39.05,-27.9833,61.41,94,100,18.9
45,Hulan,CN,2021-04-16 19:50:51,45.9833,126.6,37.4,93,75,4.47
46,Tiksi,RU,2021-04-16 19:50:52,71.6872,128.8694,-10.28,100,100,5.86
47,Castro,BR,2021-04-16 19:50:52,-24.7911,-50.0119,71.55,60,70,3.74
48,Kaduqli,SD,2021-04-16 19:50:53,11.0167,29.7167,85.35,9,5,5.59
49,Korla,CN,2021-04-16 19:47:07,41.7597,86.1469,59.7,23,89,3.02
50,Manjacaze,MZ,2021-04-16 19:50:53,-24.7117,33.8828,67.71,63,100,13.31
51,Cairns,AU,2021-04-16 19:48:13,-16.9167,145.7667,75.2,73,75,10.36
52,Atuona,PF,2021-04-16 19:50:53,-9.8,-139.0333,80.42,75,99,17.72
53,Seoul,KR,2021-04-16 19:49:11,37.5683,126.9778,41.0,93,0,1.14
54,Gumdag,TM,2021-04-16 19:50:54,39.2061,54.5906,67.05,42,0,6.38
55,Kavieng,PG,2021-04-16 19:50:54,-2.5744,150.7967,80.89,78,100,9.4
56,Punta Arenas,CL,2021-04-16 19:50:54,-53.15,-70.9167,50.0,53,20,29.93
57,Selma,US,2021-04-16 19:50:55,36.5708,-119.6121,75.0,28,20,4.61
58,Carnarvon,AU,2021-04-16 19:50:55,-24.8667,113.6333,75.43,37,2,11.03
59,Maragogi,BR,2021-04-16 19:50:55,-9.0122,-35.2225,78.22,83,66,7.29
60,Busselton,AU,2021-04-16 19:50:56,-33.65,115.3333,57.99,85,67,4.0
61,Sinnamary,GF,2021-04-16 19:50:56,5.3833,-52.95,81.0,74,62,11.14
62,Chuy,UY,2021-04-16 19:50:56,-33.6971,-53.4616,69.46,86,98,4.85
63,Mataura,NZ,2021-04-16 19:50:56,-46.1927,168.8643,42.01,94,93,5.01
64,Alice Springs,AU,2021-04-16 19:50:51,-23.7,133.8833,55.99,71,0,6.91
65,Coquimbo,CL,2021-04-16 19:46:19,-29.9533,-71.3436,62.6,72,75,10.36
66,Nikolskoye,RU,2021-04-16 19:50:57,59.7035,30.7861,48.2,34,0,13.42
67,Lokosovo,RU,2021-04-16 19:50:57,61.1333,74.8167,11.95,79,77,6.98
68,Barcelos,PT,2021-04-16 19:50:58,41.5388,-8.6151,63.0,63,0,6.91
69,Moroto,UG,2021-04-16 19:50:58,2.5345,34.6666,73.89,55,28,11.54
70,Vaini,TO,2021-04-16 19:50:58,-21.2,-175.2,69.8,83,20,4.61
71,Nishihara,JP,2021-04-16 19:50:58,26.1842,127.7558,73.4,83,75,11.5
72,Arraial Do Cabo,BR,2021-04-16 19:50:49,-22.9661,-42.0278,80.6,61,0,13.8
73,Clyde River,CA,2021-04-16 19:50:59,70.4692,-68.5914,12.2,85,75,31.07
74,Providencia,MX,2021-04-16 19:50:59,28.7167,-111.5833,86.0,27,47,10.0
75,Sorong,ID,2021-04-16 19:47:24,-0.8833,131.25,78.78,85,80,10.04
76,Cherskiy,RU,2021-04-16 19:51:00,68.75,161.3,4.32,95,75,6.53
77,Naryan-Mar,RU,2021-04-16 19:51:00,67.6713,53.087,29.34,81,100,23.31
78,Tan An,VN,2021-04-16 19:51:00,10.5333,106.4167,77.0,94,75,3.44
79,Komsomolskiy,UZ,2021-04-16 19:51:00,40.4272,71.7189,59.0,55,18,6.91
80,Iqaluit,CA,2021-04-16 19:51:01,63.7506,-68.5145,17.6,62,40,14.97
81,Puerto Ayora,EC,2021-04-16 19:51:01,-0.7393,-90.3518,80.6,83,75,11.5
82,Vilhena,BR,2021-04-16 19:51:01,-12.7406,-60.1458,80.6,74,75,6.91
83,Samarai,PG,2021-04-16 19:51:02,-10.6167,150.6667,81.68,81,84,8.41
84,Barrow,US,2021-04-16 19:50:34,71.2906,-156.7887,3.2,78,40,9.22
85,Cabo San Lucas,MX,2021-04-16 19:48:01,22.8909,-109.9124,86.0,23,20,11.5
86,Northam,GB,2021-04-16 19:50:30,51.0333,-4.2167,46.0,75,100,1.01
87,Mar Del Plata,AR,2021-04-16 19:49:10,-38.0023,-57.5575,68.0,83,20,4.61
88,Mocuba,MZ,2021-04-16 19:51:03,-16.8392,36.9856,66.7,95,28,3.24
89,Honolulu,US,2021-04-16 19:48:17,21.3069,-157.8583,78.01,57,20,4.61
90,Takoradi,GH,2021-04-16 19:51:03,4.8845,-1.7554,81.99,80,57,9.84
91,Bethel,US,2021-04-16 19:50:25,41.3712,-73.414,46.4,66,75,11.5
92,Olavarria,AR,2021-04-16 19:50:27,-36.8927,-60.3225,77.0,60,84,3.0
93,Bredasdorp,ZA,2021-04-16 19:51:04,-34.5322,20.0403,59.0,72,0,10.36
94,Suhbaatar,MN,2021-04-16 19:51:04,50.2314,106.2078,33.67,54,6,6.02
95,Norman Wells,CA,2021-04-16 19:51:05,65.282,-126.8329,39.2,65,40,2.3
96,Soke,ML,2021-04-16 19:51:05,13.598,-5.9386,95.31,20,90,6.64
97,Yellowknife,CA,2021-04-16 19:51:05,62.456,-114.3525,44.6,49,20,8.05
98,Camopi,GF,2021-04-16 19:51:06,3.1655,-52.3158,70.16,98,100,3.78
99,Gravdal,NO,2021-04-16 19:51:06,68.1214,13.5031,41.0,93,40,4.61
100,Mercedes,AR,2021-04-16 19:51:06,-34.6515,-59.4307,82.0,43,0,4.0
101,Banff,CA,2021-04-16 19:51:06,51.1762,-115.5698,60.8,15,14,3.44
102,Georgetown,MY,2021-04-16 19:51:07,5.4112,100.3354,80.6,94,40,11.5
103,Mahebourg,MU,2021-04-16 19:46:15,-20.4081,57.7,77.0,94,75,5.75
104,Damaturu,NG,2021-04-16 19:50:56,11.747,11.9608,85.37,7,31,9.19
105,Kostino,RU,2021-04-16 19:51:07,58.9097,53.2691,32.74,79,9,2.68
106,Wenling,CN,2021-04-16 19:51:08,28.3669,121.36,64.99,76,99,3.83
107,Shelburne,CA,2021-04-16 19:51:08,44.0787,-80.2041,41.0,93,100,10.74
108,San Michele Al Tagliamento,IT,2021-04-16 19:51:08,45.7644,12.9949,48.99,62,46,4.21
109,Thompson,CA,2021-04-16 19:50:35,55.7435,-97.8558,48.2,25,20,6.91
110,Khatanga,RU,2021-04-16 19:51:09,71.9667,102.5,7.65,95,100,9.62
111,Banjar,ID,2021-04-16 19:51:09,-8.19,114.9675,77.0,94,40,4.61
112,Porto Santo,PT,2021-04-16 19:51:09,33.072,-16.3415,62.6,67,75,11.5
113,Abbeville,FR,2021-04-16 19:51:10,50.1,1.8333,43.0,75,35,7.76
114,Kasempa,ZM,2021-04-16 19:51:10,-13.4584,25.8338,62.19,64,3,5.41
115,Butaritari,KI,2021-04-16 19:51:10,3.0707,172.7902,81.5,76,100,8.84
116,Gusau,NG,2021-04-16 19:47:25,12.1628,6.6614,91.24,7,43,6.98
117,Derzhavinsk,KZ,2021-04-16 19:51:11,51.1,66.3167,48.78,76,20,10.58
118,Filadelfia,US,2021-04-16 19:47:50,39.9523,-75.1638,55.0,47,90,17.27
119,Tasiilaq,GL,2021-04-16 19:46:32,65.6145,-37.6368,28.4,93,75,28.77
120,Port Hardy,CA,2021-04-16 19:51:11,50.6996,-127.4199,55.4,62,1,4.61
121,Eyl,SO,2021-04-16 19:51:12,7.9803,49.8164,81.41,73,15,9.24
122,Saint George,US,2021-04-16 19:51:12,37.1041,-113.5841,66.99,22,1,4.61
123,Fortuna,US,2021-04-16 19:51:12,40.5982,-124.1573,53.01,87,1,14.97
124,Faya,SA,2021-04-16 19:51:13,18.3851,42.4509,68.0,26,0,6.91
125,Daru,PG,2021-04-16 19:51:13,-9.0763,143.2092,79.68,84,96,9.82
126,Victoria,HK,2021-04-16 19:47:47,22.2855,114.1577,75.0,87,65,1.01
127,Mount Gambier,AU,2021-04-16 19:51:13,-37.8333,140.7667,51.8,76,90,6.91
128,Dubrovnik,HR,2021-04-16 19:51:14,42.6481,18.0922,48.2,61,0,8.05
129,Morondava,MG,2021-04-16 19:51:14,-20.2833,44.2833,76.42,61,84,16.91
130,Pidvynohradiv,UA,2021-04-16 19:51:14,48.1395,22.9719,44.6,70,90,9.22
131,Saldanha,ZA,2021-04-16 19:51:15,-33.0117,17.9442,69.8,46,0,5.75
132,Touros,BR,2021-04-16 19:51:15,-5.1989,-35.4608,84.2,65,20,12.66
133,Corralillo,CU,2021-04-16 19:51:15,22.9819,-80.5856,83.77,50,0,10.69
134,Oranjemund,NA,2021-04-16 19:51:16,-28.55,16.4333,79.02,32,48,9.98
135,Koslan,RU,2021-04-16 19:51:16,63.4564,48.8989,33.98,91,28,5.68
136,Uray,RU,2021-04-16 19:51:16,60.1247,64.7758,31.68,48,100,8.14
137,Otradnoye,RU,2021-04-16 19:46:21,59.7775,30.8181,48.2,34,0,13.42
138,Severo-Kurilsk,RU,2021-04-16 19:51:04,50.6789,156.125,31.46,78,5,11.68
139,Marsh Harbour,BS,2021-04-16 19:51:17,26.5412,-77.0636,77.41,67,2,12.64
140,Longyearbyen,SJ,2021-04-16 19:51:17,78.2186,15.6401,15.8,62,20,8.05
141,At-Bashi,KG,2021-04-16 19:51:11,41.1702,75.8106,43.99,59,100,5.41
142,Puerto Gaitan,CO,2021-04-16 19:48:22,4.3133,-72.0816,90.34,47,100,6.24
143,Salalah,OM,2021-04-16 19:51:18,17.0151,54.0924,82.4,74,0,4.61
144,Mingguang,CN,2021-04-16 19:51:18,32.7802,117.9638,52.2,57,14,11.07
145,Peleduy,RU,2021-04-16 19:51:18,59.6289,112.7406,28.74,97,100,5.28
146,Naze,JP,2021-04-16 19:51:19,28.3667,129.4833,67.24,86,96,16.33
147,Liuzhou,CN,2021-04-16 19:51:19,24.3126,109.3892,65.59,84,100,5.39
148,Mount Vernon,US,2021-04-16 19:49:51,40.9126,-73.8371,52.0,43,90,16.11
149,Beringovskiy,RU,2021-04-16 19:46:52,63.05,179.3167,30.16,94,100,9.15
150,Sao Paulo De Olivenca,BR,2021-04-16 19:51:19,-3.3783,-68.8725,78.96,94,100,3.76
151,Torbay,CA,2021-04-16 19:51:20,47.6666,-52.7314,34.0,80,90,25.32
152,Kunming,CN,2021-04-16 19:51:16,25.0389,102.7183,55.4,88,40,8.95
153,Sistranda,NO,2021-04-16 19:51:20,63.7256,8.834,42.8,65,0,4.61
154,Souillac,MU,2021-04-16 19:50:42,-20.5167,57.5167,77.0,94,75,5.75
155,Upernavik,GL,2021-04-16 19:51:21,72.7868,-56.1549,-2.63,85,100,8.9
156,Buala,SB,2021-04-16 19:51:21,-8.145,159.5921,80.29,84,36,3.91
157,Codrington,AU,2021-04-16 19:51:21,-38.2667,141.9667,54.07,68,100,6.29
158,Geraldton,AU,2021-04-16 19:51:21,-28.7667,114.6,62.6,48,40,6.91
159,Aklavik,CA,2021-04-16 19:51:00,68.2191,-135.0107,23.0,63,75,0.87
160,Labuhan,ID,2021-04-16 19:51:22,-6.8844,112.2051,76.82,86,70,7.85
161,Avarua,CK,2021-04-16 19:50:17,-21.2078,-159.775,82.4,74,10,3.44
162,Chapais,CA,2021-04-16 19:47:55,49.7834,-74.8492,53.6,28,90,9.22
163,Cidreira,BR,2021-04-16 19:50:19,-30.1811,-50.2056,73.18,72,99,7.54
164,Ushirombo,TZ,2021-04-16 19:51:23,-3.4919,31.9639,63.25,96,100,3.62
165,Hilton Head Island,US,2021-04-16 19:48:59,32.2163,-80.7526,63.0,48,90,5.75
166,Narsaq,GL,2021-04-16 19:51:23,60.9167,-46.05,23.0,33,20,32.21
167,Kruisfontein,ZA,2021-04-16 19:47:02,-34.0033,24.7314,62.01,62,0,8.01
168,Kamien Pomorski,PL,2021-04-16 19:51:23,53.9685,14.7726,43.0,75,0,9.22
169,Havre-Saint-Pierre,CA,2021-04-16 19:51:24,50.2334,-63.5986,35.6,64,1,11.5
170,Miandrivazo,MG,2021-04-16 19:51:24,-19.5167,45.4667,73.74,89,71,2.3
171,Sioux Lookout,CA,2021-04-16 19:51:25,50.1001,-91.917,46.4,27,75,11.5
172,Black Diamond,US,2021-04-16 19:51:25,47.3087,-122.0032,77.0,24,0,1.99
173,Bengkulu,ID,2021-04-16 19:50:41,-3.8004,102.2655,74.89,90,99,2.82
174,Nanortalik,GL,2021-04-16 19:51:25,60.1432,-45.2371,21.9,53,66,48.43
175,Pacific Grove,US,2021-04-16 19:50:14,36.6177,-121.9166,57.2,62,1,10.36
176,College,US,2021-04-16 19:47:51,64.8569,-147.8028,37.4,60,1,1.52
177,Kiunga,PG,2021-04-16 19:51:26,-6.1219,141.2906,73.13,99,100,1.54
178,Vilyuysk,RU,2021-04-16 19:51:26,63.7553,121.6247,22.82,81,94,13.15
179,Paamiut,GL,2021-04-16 19:51:27,61.994,-49.6678,17.24,73,61,24.65
180,Egvekinot,RU,2021-04-16 19:50:55,66.3167,-179.1667,26.17,98,100,9.06
181,Cap Malheureux,MU,2021-04-16 19:47:42,-19.9842,57.6142,80.01,83,21,4.0
182,Harer,ET,2021-04-16 19:51:27,9.3094,42.1258,65.35,56,68,4.32
183,Sao Joao Da Barra,BR,2021-04-16 19:51:27,-21.6403,-41.0511,80.6,61,40,14.97
184,Weligama,LK,2021-04-16 19:51:28,5.9667,80.4167,76.66,87,100,3.36
185,Lavrentiya,RU,2021-04-16 19:51:28,65.5833,-171.0,31.57,93,99,10.83
186,Surajgarh,IN,2021-04-16 19:51:28,28.3124,75.7347,75.16,46,8,7.58
187,Iroquois Falls,CA,2021-04-16 19:51:29,48.7669,-80.6831,44.6,57,75,12.66
188,Moanda,GA,2021-04-16 19:51:29,-1.5575,13.2178,72.59,96,99,4.09
189,Sao Filipe,CV,2021-04-16 19:51:29,14.8961,-24.4956,71.71,76,0,13.33
190,Solton,RU,2021-04-16 19:51:29,52.8429,86.4787,37.47,93,99,3.11
191,Brookings,US,2021-04-16 19:47:03,44.3114,-96.7984,48.2,57,90,12.66
192,Ahipara,NZ,2021-04-16 19:51:30,-35.1667,173.1667,61.34,82,50,14.05
193,Gloucester,GB,2021-04-16 19:50:51,51.8657,-2.2431,44.01,64,80,1.99
194,Aksarka,RU,2021-04-16 19:51:30,66.5606,67.7975,10.6,91,95,5.86
195,Bonthe,SL,2021-04-16 19:46:45,7.5264,-12.505,81.45,79,24,10.16
196,Leningradskiy,RU,2021-04-16 19:51:31,69.3833,178.4167,28.78,81,100,6.46
197,Tessalit,ML,2021-04-16 19:47:35,20.1986,1.0114,94.62,7,100,6.71
198,Jamestown,US,2021-04-16 19:48:18,42.097,-79.2353,39.0,93,90,12.66
199,Serenje,ZM,2021-04-16 19:51:31,-13.2325,30.2352,57.42,86,3,5.12
200,Luderitz,NA,2021-04-16 19:51:32,-26.6481,15.1594,80.67,34,99,3.91
201,Poya,NC,2021-04-16 19:51:32,-21.35,165.15,73.09,87,38,5.26
202,Manoel Urbano,BR,2021-04-16 19:51:32,-8.8389,-69.2597,86.49,61,99,3.56
203,Bohuslav,UA,2021-04-16 19:51:33,49.5494,30.8744,41.4,90,100,13.06
204,Lebu,CL,2021-04-16 19:50:46,-37.6167,-73.65,58.55,71,100,11.95
205,Juneau,US,2021-04-16 19:51:33,58.3019,-134.4197,50.0,71,20,5.75
206,Yarmouth,US,2021-04-16 19:51:33,41.7057,-70.2286,42.8,81,90,24.16
207,Abalak,RU,2021-04-16 19:51:34,58.1286,68.5944,28.62,60,6,2.35
208,Altamont,US,2021-04-16 19:51:34,42.2068,-121.7372,62.01,21,1,13.8
209,Ishigaki,JP,2021-04-16 19:51:34,24.3448,124.1572,74.28,86,7,9.33
210,Vostok,RU,2021-04-16 19:51:07,46.4856,135.8833,31.86,96,94,3.58
211,Torbat-E Jam,IR,2021-04-16 19:51:35,35.244,60.6225,64.83,27,100,6.11
212,Grindavik,IS,2021-04-16 19:51:35,63.8424,-22.4338,41.0,70,75,25.32
213,Dire,ML,2021-04-16 19:51:35,12.2833,-10.9667,94.95,17,39,3.71
214,Saint-Francois,FR,2021-04-16 19:51:36,46.4154,3.9054,42.8,52,0,12.66
215,Ojinaga,MX,2021-04-16 19:51:36,29.5667,-104.4167,84.2,10,1,11.5
216,Port-Cartier,CA,2021-04-16 19:51:36,50.0334,-66.8654,39.2,60,20,16.11
217,Port-Gentil,GA,2021-04-16 19:51:37,-0.7193,8.7815,80.6,89,40,6.91
218,Kitami,JP,2021-04-16 19:51:37,43.8031,143.8908,44.26,86,38,12.17
219,Kieta,PG,2021-04-16 19:51:37,-6.2167,155.6333,77.94,90,100,8.63
220,Lensk,RU,2021-04-16 19:51:37,60.7253,114.9278,26.89,88,100,8.57
221,Kahului,US,2021-04-16 19:51:38,20.8947,-156.47,75.2,64,20,8.05
222,Tuatapere,NZ,2021-04-16 19:51:38,-46.1333,167.6833,42.01,94,57,5.01
223,Sidi Ali,DZ,2021-04-16 19:51:38,36.0998,0.4206,52.29,70,0,7.09
224,Vardenik,AM,2021-04-16 19:51:39,40.1393,45.4334,43.66,64,28,1.03
225,Ilfracombe,GB,2021-04-16 19:51:39,51.2093,-4.1134,48.0,75,100,1.01
226,Poum,NC,2021-04-16 19:51:39,-20.2333,164.0167,77.25,80,99,12.75
227,Srandakan,ID,2021-04-16 19:51:40,-7.9386,110.2506,75.83,88,77,5.17
228,Arkadak,RU,2021-04-16 19:51:40,51.9326,43.4978,54.25,82,94,2.68
229,Pemba,MZ,2021-04-16 19:51:40,-12.974,40.5178,76.59,84,100,13.27
230,Hastings,GB,2021-04-16 19:51:41,50.8552,0.5729,43.0,57,1,1.99
231,Zhuhai,CN,2021-04-16 19:51:41,22.2769,113.5678,75.2,83,40,9.22
232,Gimli,CA,2021-04-16 19:51:41,50.6336,-96.9907,41.0,42,24,6.91
233,Altamira,BR,2021-04-16 19:51:41,-3.2033,-52.2064,82.4,83,40,3.44
234,Esmeralda,CU,2021-04-16 19:51:42,21.8525,-78.1169,93.2,29,20,4.61
235,Corner Brook,CA,2021-04-16 19:51:42,48.9667,-57.9484,48.2,52,40,11.5
236,Roald,NO,2021-04-16 19:51:42,62.5833,6.1333,41.0,60,0,5.75
237,Oxford,GB,2021-04-16 19:51:43,51.7522,-1.256,46.4,57,0,4.61
238,Padang,ID,2021-04-16 19:51:43,-0.9492,100.3543,76.96,86,99,2.21
239,Keningau,MY,2021-04-16 19:51:43,5.3378,116.1602,77.0,88,20,5.75
240,Ribeira Grande,PT,2021-04-16 19:51:44,38.5167,-28.7,62.6,100,75,17.27
241,Petropavlovsk-Kamchatskiy,RU,2021-04-16 19:51:44,53.0452,158.6483,32.0,43,4,15.66
242,Westlock,CA,2021-04-16 19:51:44,54.1502,-113.8688,62.6,27,17,3.44
243,Bubaque,GW,2021-04-16 19:51:44,11.2833,-15.8333,76.89,76,1,19.15
244,Russell,US,2021-04-16 19:51:45,32.3502,-85.1999,64.4,48,75,4.61
245,Yar-Sale,RU,2021-04-16 19:51:45,66.8333,70.8333,12.11,87,90,23.62
246,Alofi,NU,2021-04-16 19:51:45,-19.0595,-169.9187,75.2,100,80,1.14
247,Bonoua,CI,2021-04-16 19:51:46,5.2741,-3.595,84.2,84,45,13.8
248,Yulara,AU,2021-04-16 19:51:46,-25.2406,130.9889,55.4,62,0,9.22
249,Kodiak,US,2021-04-16 19:51:17,57.79,-152.4072,41.0,81,90,11.5
250,Negombo,LK,2021-04-16 19:51:46,7.2083,79.8358,78.8,83,20,4.61
251,Wajir,KE,2021-04-16 19:51:47,1.7471,40.0573,86.04,52,77,11.1
252,Vestmannaeyjar,IS,2021-04-16 19:46:53,63.4427,-20.2734,42.12,67,100,28.36
253,Saint-Philippe,RE,2021-04-16 19:51:47,-21.3585,55.7679,78.8,73,94,5.75
254,Saskylakh,RU,2021-04-16 19:51:07,71.9167,114.0833,10.06,94,100,15.3
255,Lebedyan,RU,2021-04-16 19:51:48,53.0194,39.1664,52.75,61,37,3.71
256,Nuuk,GL,2021-04-16 19:51:48,64.1835,-51.7216,14.0,67,75,4.61
257,Maceio,BR,2021-04-16 19:51:48,-9.6658,-35.7353,80.6,83,20,11.5
258,Ponta Do Sol,PT,2021-04-16 19:50:30,32.6667,-17.1,63.0,69,18,1.01
259,Cockburn Town,TC,2021-04-16 19:51:49,21.4612,-71.1419,77.04,65,99,5.17
260,Axim,GH,2021-04-16 19:51:15,4.8699,-2.2405,81.48,79,92,8.46
261,Synya,RU,2021-04-16 19:51:49,65.3718,58.0387,28.92,97,100,3.31
262,Yanam,IN,2021-04-16 19:51:49,16.7333,82.2167,78.58,79,0,2.82
263,Arona,ES,2021-04-16 19:51:50,28.0996,-16.681,69.8,60,75,13.8
264,Pevek,RU,2021-04-16 19:50:52,69.7008,170.3133,20.98,95,100,9.06
265,Pocone,BR,2021-04-16 19:51:50,-16.2567,-56.6228,82.71,65,82,8.43
266,Mandla,IN,2021-04-16 19:51:50,22.6,80.3833,80.1,24,4,3.74
267,Tautira,PF,2021-04-16 19:51:51,-17.7333,-149.15,86.0,66,20,14.97
268,Ancud,CL,2021-04-16 19:51:36,-41.8697,-73.8203,64.0,77,75,8.05
269,Kendari,ID,2021-04-16 19:51:51,-3.945,122.4989,73.47,92,32,4.09
270,Norfolk,US,2021-04-16 19:50:57,42.1668,-71.2495,37.0,96,100,3.0
271,Saint-Pierre,RE,2021-04-16 19:51:52,-21.3393,55.4781,78.8,73,94,5.75
272,Mandalgovi,MN,2021-04-16 19:51:52,45.7625,106.2708,30.87,32,0,7.78
273,Flinders,AU,2021-04-16 19:47:23,-34.5833,150.8552,55.0,83,100,1.01
274,Porto Novo,BJ,2021-04-16 19:51:52,6.4965,2.6036,84.2,70,40,6.91
275,Harper,LR,2021-04-16 19:51:53,4.375,-7.7169,81.07,79,95,9.04
276,Zhigansk,RU,2021-04-16 19:47:33,66.7697,123.3711,24.42,90,100,17.38
277,Rocha,UY,2021-04-16 19:51:53,-34.4833,-54.3333,70.47,85,38,7.94
278,Phonhong,LA,2021-04-16 19:51:53,18.5007,102.4166,75.15,87,100,3.83
279,Jumla,NP,2021-04-16 19:51:54,29.2747,82.1838,48.65,53,98,4.7
280,Portland,US,2021-04-16 19:49:57,45.5234,-122.6762,77.0,19,1,20.71
281,Balaka,MW,2021-04-16 19:51:54,-14.9793,34.9558,67.5,79,70,3.51
282,Sitka,US,2021-04-16 19:51:01,57.0531,-135.33,48.2,76,20,2.89
283,Suntar,RU,2021-04-16 19:51:55,62.1444,117.6319,24.58,73,100,12.03
284,Nemuro,JP,2021-04-16 19:51:06,43.3236,145.575,40.3,84,81,19.91
285,Mirebalais,HT,2021-04-16 19:51:55,18.8333,-72.1053,93.78,27,12,7.9
286,Andapa,MG,2021-04-16 19:51:55,-14.65,49.65,69.89,99,92,1.63
287,Haines Junction,CA,2021-04-16 19:51:56,60.7522,-137.5108,41.0,45,89,4.61
288,Adrar,MR,2021-04-16 19:47:03,20.5022,-10.0711,80.51,20,3,10.67
289,Brokopondo,SR,2021-04-16 19:51:56,4.75,-55.1667,84.25,68,100,6.62
290,Constitucion,CL,2021-04-16 19:49:49,-35.3333,-72.4167,63.84,65,99,11.18
291,Jadu,LY,2021-04-16 19:47:20,31.953,12.0261,60.69,67,10,8.75
292,Villa Union,MX,2021-04-16 19:51:57,23.2,-106.2333,82.4,51,1,8.05
293,Brae,GB,2021-04-16 19:51:57,60.3964,-1.353,43.23,84,100,15.48
294,Gigmoto,PH,2021-04-16 19:51:57,13.7796,124.39,78.82,88,100,9.69
295,Latehar,IN,2021-04-16 19:51:57,23.75,84.5,77.79,24,9,3.38
296,Caluquembe,AO,2021-04-16 19:51:58,-13.7833,14.6833,60.39,81,33,1.68
297,Hualmay,PE,2021-04-16 19:51:58,-11.0964,-77.6139,72.63,73,17,10.78
298,Fort Nelson,CA,2021-04-16 19:47:32,58.8053,-122.7002,55.4,33,40,3.44
299,Huarmey,PE,2021-04-16 19:51:58,-10.0681,-78.1522,73.58,73,67,10.49
300,Deputatskiy,RU,2021-04-16 19:51:59,69.3,139.9,-7.24,91,29,3.09
301,Martapura,ID,2021-04-16 19:51:59,-3.4167,114.85,73.4,94,73,1.14
302,Ambilobe,MG,2021-04-16 19:52:00,-13.2,49.05,74.89,93,69,1.39
303,La Peca,PE,2021-04-16 19:52:00,-5.6111,-78.435,81.86,61,83,2.35
304,Mardin,TR,2021-04-16 19:52:00,37.3131,40.7436,57.96,39,100,5.19
305,Fairbanks,US,2021-04-16 19:51:20,64.8378,-147.7164,37.4,64,1,1.41
306,Batagay-Alyta,RU,2021-04-16 19:52:01,67.8006,130.4114,6.82,97,100,1.66
307,Dikson,RU,2021-04-16 19:51:07,73.5069,80.5464,-13.04,100,99,6.15
308,Mooresville,US,2021-04-16 19:52:01,35.5849,-80.8101,69.01,36,50,5.46
309,Nabire,ID,2021-04-16 19:52:01,-3.3667,135.4833,75.78,89,100,3.6
310,Dargaville,NZ,2021-04-16 19:52:02,-35.9333,173.8833,60.22,81,50,12.71
311,Vryburg,ZA,2021-04-16 19:52:02,-26.9566,24.7284,63.28,27,0,7.4
312,Aguadilla,PR,2021-04-16 19:52:02,18.4275,-67.1541,84.0,69,1,10.36
313,Yumen,CN,2021-04-16 19:52:03,40.2833,97.2,42.42,19,22,7.9
314,Pisco,PE,2021-04-16 19:52:03,-13.7,-76.2167,73.4,68,0,6.91
315,Bogorodskoye,RU,2021-04-16 19:52:03,56.55,37.8833,48.04,83,100,14.41
316,Esperance,AU,2021-04-16 19:52:04,-33.8667,121.9,51.8,87,91,8.05
317,Newport,GB,2021-04-16 19:52:04,51.5877,-2.9984,45.0,66,92,2.53
318,Bitkine,TD,2021-04-16 19:52:04,11.9801,18.2138,88.29,7,49,6.17
319,Kaitangata,NZ,2021-04-16 19:52:05,-46.2817,169.8464,45.0,80,38,4.0
320,Luxor,EG,2021-04-16 19:52:05,25.6989,32.6421,82.4,20,0,5.75
321,Fukuma,JP,2021-04-16 19:52:05,33.7667,130.4667,59.0,88,90,11.5
322,Aykhal,RU,2021-04-16 19:52:06,66.0,111.5,2.43,96,100,20.45
323,Vaitape,PF,2021-04-16 19:52:06,-16.5167,-151.75,82.67,72,8,11.9
324,Alamos,MX,2021-04-16 19:52:06,27.0167,-108.9333,90.0,36,17,9.17
325,Margate,GB,2021-04-16 19:51:11,51.3813,1.3862,44.01,79,0,4.0
326,Agua Blanca Sur,HN,2021-04-16 19:52:07,15.25,-87.8833,98.01,43,75,3.44
327,Dudinka,RU,2021-04-16 19:52:07,69.4058,86.1778,-21.77,100,95,4.27
328,Rio Verde De Mato Grosso,BR,2021-04-16 19:52:07,-18.9181,-54.8442,89.35,35,54,5.86
329,Guerrero Negro,MX,2021-04-16 19:50:18,27.9769,-114.0611,66.33,55,2,18.92
330,Tagusao,PH,2021-04-16 19:52:08,9.1924,117.8141,79.29,83,100,3.91
331,Totma,RU,2021-04-16 19:52:08,59.9747,42.7642,35.87,82,0,4.23
332,Tura,IN,2021-04-16 19:52:09,25.5198,90.2201,72.95,60,88,7.65
333,Porgera,PG,2021-04-16 19:52:09,-5.4667,143.2,44.82,99,100,0.76
334,Diamantino,BR,2021-04-16 19:52:09,-14.4086,-56.4461,88.68,52,16,1.57
335,Havelock,US,2021-04-16 19:52:09,34.8791,-76.9013,66.2,32,1,6.91
336,Wanning,CN,2021-04-16 19:52:10,18.8003,110.3967,75.72,89,87,1.03
337,Alappuzha,IN,2021-04-16 19:52:10,9.49,76.3264,80.89,80,16,3.56
338,Cocorit,MX,2021-04-16 19:52:10,27.5833,-109.9667,80.6,36,40,4.61
339,Mega,ET,2021-04-16 19:52:11,4.05,38.3,61.63,81,35,5.01
340,Henties Bay,NA,2021-04-16 19:52:11,-22.116,14.2845,72.5,62,99,4.56
341,Bandarbeyla,SO,2021-04-16 19:52:11,9.4942,50.8122,81.03,72,1,8.97
342,Gobabis,NA,2021-04-16 19:52:12,-22.45,18.9667,67.91,33,63,8.46
343,Fukue,JP,2021-04-16 19:52:12,32.6881,128.8419,60.21,89,100,8.37
344,Evensk,RU,2021-04-16 19:52:12,61.95,159.2333,15.98,94,100,1.25
345,Khani,GE,2021-04-16 19:52:12,41.9563,42.9566,55.4,76,0,6.91
346,Arlit,NE,2021-04-16 19:52:13,18.7369,7.3853,90.36,5,26,9.1
347,Marsa Matruh,EG,2021-04-16 19:52:13,31.3525,27.2453,68.0,68,0,11.5
348,Arman,RU,2021-04-16 19:52:13,59.7,150.1667,13.68,95,91,3.96
349,Inhambane,MZ,2021-04-16 19:51:26,-23.865,35.3833,73.4,64,75,16.11
350,Isangel,VU,2021-04-16 19:52:14,-19.55,169.2667,79.43,83,83,8.75
351,Bachaquero,VE,2021-04-16 19:52:14,9.9694,-71.1494,85.96,66,100,5.37
352,Kanonji,JP,2021-04-16 19:52:14,34.1167,133.65,57.99,90,100,1.01
353,Vernon,CA,2021-04-16 19:52:15,50.2581,-119.2691,71.01,25,0,4.61
354,Lubango,AO,2021-04-16 19:52:15,-14.9172,13.4925,59.88,82,88,2.75
355,Mae Hong Son,TH,2021-04-16 19:52:15,19.3003,97.9685,72.63,93,100,0.72
356,Sept-Iles,CA,2021-04-16 19:52:16,50.2001,-66.3821,39.2,60,20,16.11
357,Asfi,MA,2021-04-16 19:52:16,32.2994,-9.2372,63.88,83,0,19.84
358,Eirunepe,BR,2021-04-16 19:52:16,-6.6603,-69.8736,85.5,69,97,3.69
359,Mayor Pablo Lagerenza,PY,2021-04-16 19:52:17,-19.9309,-60.7718,91.67,37,68,2.8
360,Marabba,SD,2021-04-16 19:52:17,12.35,32.1833,88.36,7,5,10.07
361,Qaqortoq,GL,2021-04-16 19:52:17,60.7167,-46.0333,23.0,33,20,32.21
362,Biak,ID,2021-04-16 19:52:18,-0.9131,122.8766,75.07,85,95,4.68
363,Lasa,IT,2021-04-16 19:52:18,46.6166,10.7002,51.8,47,0,3.44
364,Caravelas,BR,2021-04-16 19:51:46,-17.7125,-39.2481,76.82,69,6,7.29
365,Husavik,IS,2021-04-16 19:52:18,66.0449,-17.3389,46.4,36,20,21.85
366,Gornyy,RU,2021-04-16 19:52:19,55.1153,83.9059,33.01,80,100,1.99
367,Ucluelet,CA,2021-04-16 19:49:38,48.9329,-125.5528,64.0,48,1,5.75
368,Laguna,US,2021-04-16 19:52:19,38.421,-121.4238,75.0,32,1,5.75
369,Saint-Leu,RE,2021-04-16 19:52:19,-21.15,55.2833,78.8,73,95,5.75
370,Talavera De La Reina,ES,2021-04-16 19:52:20,39.9635,-4.8308,50.34,40,3,9.95
371,Sur,OM,2021-04-16 19:52:20,22.5667,59.5289,84.6,48,1,9.86
372,Nelson Bay,AU,2021-04-16 19:52:20,-32.7167,152.15,60.01,94,90,6.91
373,Rawson,AR,2021-04-16 19:52:21,-43.3002,-65.1023,68.67,35,0,13.69
374,Batticaloa,LK,2021-04-16 19:52:21,7.7102,81.6924,77.23,79,100,6.4
375,Bafq,IR,2021-04-16 19:52:21,31.6128,55.4107,72.16,24,0,3.38
376,Takaka,NZ,2021-04-16 19:52:21,-40.85,172.8,48.0,92,99,4.47
377,Gladenbach,DE,2021-04-16 19:52:22,50.7667,8.5667,41.0,75,65,4.34
378,Flin Flon,CA,2021-04-16 19:52:22,54.7682,-101.865,48.2,40,1,6.91
379,San Cristobal,VE,2021-04-16 19:52:22,7.7669,-72.225,91.4,55,40,11.5
380,Riviere-Au-Renard,CA,2021-04-16 19:52:23,48.9957,-64.3971,35.6,69,90,14.97
381,Voi,KE,2021-04-16 19:52:23,-3.3945,38.563,72.99,87,81,7.83
382,Neryungri,RU,2021-04-16 19:52:23,56.6709,124.6491,24.98,66,99,7.4
383,Necochea,AR,2021-04-16 19:50:13,-38.5473,-58.7368,66.0,81,88,1.01
384,Sumenep,ID,2021-04-16 19:52:24,-7.0167,113.8667,78.15,81,74,4.25
385,Naberera,TZ,2021-04-16 19:52:24,-4.2,36.9333,61.74,95,53,6.73
386,Jaragua,BR,2021-04-16 19:52:24,-15.7569,-49.3344,78.8,47,40,3.44
387,Den Chai,TH,2021-04-16 19:52:25,17.9837,100.0522,79.0,99,100,2.21
388,Kyotera,UG,2021-04-16 19:52:25,-0.6156,31.5175,64.35,91,94,3.2
389,Gaogou,CN,2021-04-16 19:52:25,34.0175,119.1886,49.01,60,0,16.62
390,Kopervik,NO,2021-04-16 19:52:26,59.2835,5.3067,48.0,76,70,6.91
391,Hofn,IS,2021-04-16 19:52:26,64.2539,-15.2082,42.85,76,91,32.03
392,Belyy Yar,RU,2021-04-16 19:52:26,53.6039,91.3903,48.2,49,0,13.42
393,Redmond,US,2021-04-16 19:50:59,47.674,-122.1215,75.99,32,0,4.81
394,Pizarro,CO,2021-04-16 19:52:27,4.9533,-77.366,76.95,89,100,5.57
395,Half Moon Bay,US,2021-04-16 19:52:27,37.4636,-122.4286,66.99,76,40,12.66
396,Port Lincoln,AU,2021-04-16 19:52:27,-34.7333,135.8667,56.43,76,11,5.91
397,Tairua,NZ,2021-04-16 19:52:28,-37.0167,175.85,61.0,84,48,3.0
398,Auki,SB,2021-04-16 19:52:28,-8.7676,160.7034,77.45,86,26,3.38
399,Mount Isa,AU,2021-04-16 19:50:28,-20.7333,139.5,68.0,34,63,11.5
400,Mindelo,CV,2021-04-16 19:52:29,16.8901,-24.9804,73.4,64,20,31.07
401,Kavaratti,IN,2021-04-16 19:52:29,10.5669,72.642,83.95,72,9,4.81
402,Dunedin,NZ,2021-04-16 19:52:29,-45.8742,170.5036,48.0,66,12,11.99
403,Nautla,MX,2021-04-16 19:52:29,20.2167,-96.7833,88.09,58,4,12.44
404,Yongchang,CN,2021-04-16 19:52:30,30.0381,119.7317,63.0,86,76,7.0
405,Ulladulla,AU,2021-04-16 19:52:30,-35.35,150.4667,53.6,82,54,8.05
406,Canaries,ES,2021-04-16 19:52:30,28.0,-15.5,69.01,73,40,19.57
407,Broken Hill,AU,2021-04-16 19:52:31,-31.95,141.4333,48.2,57,0,3.44
408,Clute,US,2021-04-16 19:52:31,29.0247,-95.3988,73.99,94,90,4.61
409,Cayenne,GF,2021-04-16 19:52:31,4.9333,-52.3333,84.2,70,20,17.27
410,Sahuaripa,MX,2021-04-16 19:52:32,29.05,-109.2333,88.47,12,100,16.28
411,Ejido,VE,2021-04-16 19:52:10,8.5514,-71.2375,75.67,74,100,2.68
412,Hovd,MN,2021-04-16 19:52:32,48.0056,91.6419,43.02,31,0,8.57
413,Mangai,CD,2021-04-16 19:52:32,-4.05,19.5333,68.58,96,71,1.28
414,Vanavara,RU,2021-04-16 19:52:32,60.34,102.2797,14.99,77,100,9.33
415,Broome,US,2021-04-16 19:52:33,42.2506,-75.833,42.01,93,90,9.22
416,Nova Serrana,BR,2021-04-16 19:52:33,-19.8761,-44.9836,74.46,59,10,4.45
417,High Level,CA,2021-04-16 19:52:33,58.5169,-117.136,59.0,29,75,9.22
418,Bilibino,RU,2021-04-16 19:51:27,68.0546,166.4372,18.75,94,100,5.32
419,Hay River,CA,2021-04-16 19:52:34,60.8156,-115.7999,39.2,60,100,4.61
420,Mahon,ES,2021-04-16 19:52:34,39.8885,4.2658,51.8,71,20,12.66
421,Port Macquarie,AU,2021-04-16 19:52:34,-31.4333,152.9167,60.8,100,90,5.75
422,Springbok,ZA,2021-04-16 19:52:35,-29.6643,17.8865,73.13,26,84,3.38
423,Panlaitan,PH,2021-04-16 19:52:35,12.1191,119.8486,82.18,77,100,9.48
424,Quang Ngai,VN,2021-04-16 19:47:47,15.1167,108.8,71.04,93,100,3.27
425,San Patricio,US,2021-04-16 19:52:35,28.017,-97.5169,80.01,83,90,11.5
426,Chicama,PE,2021-04-16 19:52:36,-7.8447,-79.1469,68.0,83,40,11.5
427,Kingston,JM,2021-04-16 19:52:36,17.997,-76.7936,86.0,66,20,24.16
428,Beloha,MG,2021-04-16 19:52:36,-25.1667,45.05,67.93,71,100,17.49
429,Westport,US,2021-04-16 19:52:37,41.1415,-73.3579,46.0,76,90,9.22
430,Maine-Soroa,NE,2021-04-16 19:52:37,13.2114,12.0241,85.5,6,97,6.22
431,Ormara,PK,2021-04-16 19:52:37,25.2088,64.6357,80.01,84,6,7.38
432,Olga,RU,2021-04-16 19:50:42,43.7444,135.2892,39.36,97,100,2.71
433,Pathein,MM,2021-04-16 19:52:38,16.7833,94.7333,75.2,76,95,3.47
434,Sebinkarahisar,TR,2021-04-16 19:52:38,40.2883,38.4236,51.82,66,96,3.76
435,Siuna,NI,2021-04-16 19:52:38,13.7332,-84.7773,93.04,40,34,9.08
436,Capaci,IT,2021-04-16 19:52:39,38.1711,13.2393,57.2,72,40,18.41
437,Sumbe,AO,2021-04-16 19:49:05,-11.2061,13.8437,80.28,82,10,4.59
438,Eregli,TR,2021-04-16 19:51:24,37.5133,34.0467,59.81,50,33,0.76
439,Praia,CV,2021-04-16 19:52:39,14.9215,-23.5087,71.6,68,40,21.85
440,Mbandaka,CD,2021-04-16 19:52:40,0.0487,18.2603,73.09,92,100,4.85
441,Nantucket,US,2021-04-16 19:51:16,41.2835,-70.0995,42.8,75,90,25.32
442,Lysa Hora,UA,2021-04-16 19:52:40,48.1706,31.1099,40.68,92,100,12.46
443,Kaka,TM,2021-04-16 19:52:41,37.3482,59.6143,69.71,35,100,6.73
444,Sapele,NG,2021-04-16 19:52:41,5.8941,5.6767,78.8,86,91,4.79
445,Puerto Colombia,CO,2021-04-16 19:52:41,10.9878,-74.9547,87.8,66,75,10.36
446,Chuncheng,CN,2021-04-16 19:52:42,22.1731,111.7886,74.03,92,100,0.2
447,Nyurba,RU,2021-04-16 19:52:42,63.2842,118.3319,19.62,82,92,12.66
448,Pakxan,LA,2021-04-16 19:52:42,18.3778,103.6601,72.84,94,100,6.22
449,Chara,RU,2021-04-16 19:52:42,56.9064,118.2631,19.31,74,97,1.99
450,Regen,DE,2021-04-16 19:52:43,48.9667,13.1333,36.0,80,63,1.01
451,Talisayan,PH,2021-04-16 19:52:43,6.9872,121.9272,79.59,86,100,7.0
452,Puerto Montt,CL,2021-04-16 19:48:12,-41.4698,-72.9447,64.4,55,40,2.3
453,Dengfeng,CN,2021-04-16 19:52:44,34.4553,113.0281,48.2,24,0,3.6
454,Manokwari,ID,2021-04-16 19:52:44,-0.8667,134.0833,78.64,77,100,6.8
455,Darnah,LY,2021-04-16 19:52:44,32.767,22.6367,67.89,67,98,11.48
456,Tupiza,BO,2021-04-16 19:52:45,-21.45,-65.7167,71.8,11,4,15.86
457,Jiaojiang,CN,2021-04-16 19:52:45,28.6803,121.4428,64.99,76,99,3.58
458,Awbari,LY,2021-04-16 19:52:45,26.5921,12.7805,91.2,8,94,3.98
459,Saint-Raymond,CA,2021-04-16 19:52:45,45.467,-73.6095,46.99,81,100,6.91
460,Pingliang,CN,2021-04-16 19:52:46,35.5392,106.6861,40.14,32,53,1.88
461,Colomi,BO,2021-04-16 19:52:46,-17.35,-65.8667,56.23,68,48,6.17
462,Bereda,ES,2021-04-16 19:51:05,43.2686,-7.5406,45.0,77,9,8.99
463,Quatre Cocos,MU,2021-04-16 19:52:47,-20.2078,57.7625,80.01,94,75,5.75
464,Ginda,IN,2021-04-16 19:52:47,30.6945,78.4932,57.9,41,100,2.3
465,Dingle,PH,2021-04-16 19:52:47,10.9995,122.6711,76.57,87,76,5.3
466,Santiago De Chuco,PE,2021-04-16 19:52:48,-8.15,-78.1833,58.73,68,86,3.42
467,Kharhial,IN,2021-04-16 19:52:48,20.2833,82.7667,83.66,26,0,4.5
468,Celendin,PE,2021-04-16 19:52:48,-6.8703,-78.1517,69.8,49,75,3.44
469,Hasaki,JP,2021-04-16 19:50:41,35.7333,140.8333,55.4,88,75,4.61
470,Asau,RO,2021-04-16 19:52:49,46.4333,26.4,39.99,47,2,5.88
471,Marystown,CA,2021-04-16 19:49:09,47.1666,-55.1483,41.41,66,96,19.17
472,Ayagoz,KZ,2021-04-16 19:52:49,47.9714,80.4392,50.07,39,25,1.7
473,Goroka,PG,2021-04-16 19:52:49,-6.0834,145.3873,60.21,97,79,0.87
474,Taitung,TW,2021-04-16 19:52:50,22.7583,121.1444,74.16,87,18,5.59
475,Kashan,IR,2021-04-16 19:52:50,33.9831,51.4364,70.92,19,9,6.13
476,Aanekoski,FI,2021-04-16 19:52:50,62.6946,25.818,42.8,49,0,4.61
477,Gambo,CF,2021-04-16 19:52:51,4.6482,22.2633,76.87,59,92,2.62
478,Shingu,JP,2021-04-16 19:52:51,33.7333,135.9833,59.81,92,100,9.89
479,Udachnyy,RU,2021-04-16 19:52:51,66.4167,112.4,3.69,92,100,22.62
480,Puerto Quijarro,BO,2021-04-16 19:52:52,-17.7833,-57.7667,92.66,40,89,3.09
481,Basco,PH,2021-04-16 19:52:52,20.4487,121.9702,79.34,74,48,12.35
482,Carmelo,UY,2021-04-16 19:52:52,-33.9892,-58.2856,75.99,64,0,5.75
483,Tayu,ID,2021-04-16 19:52:53,-6.5397,111.0518,76.96,84,71,5.59
484,Grootfontein,NA,2021-04-16 19:52:53,-19.5667,18.1167,55.4,71,3,4.9
485,Pudozh,RU,2021-04-16 19:52:53,61.8099,36.5345,31.82,94,1,3.69
486,Cabildo,AR,2021-04-16 19:52:54,-38.4842,-61.8954,80.01,49,100,1.99
487,Port Hedland,AU,2021-04-16 19:52:54,-20.3167,118.5667,80.6,50,1,9.22
488,Hambantota,LK,2021-04-16 19:52:54,6.1241,81.1185,75.2,100,20,2.3
489,Shenjiamen,CN,2021-04-16 19:52:55,29.9576,122.298,58.14,88,100,5.41
490,Havoysund,NO,2021-04-16 19:52:55,70.9963,24.6622,42.8,81,75,35.68
491,Santa Isabel,BR,2021-04-16 19:52:55,-23.3156,-46.2214,78.8,60,0,8.05
492,Laurens,US,2021-04-16 19:52:56,32.4502,-82.9165,64.4,39,1,5.75
493,Mildura,AU,2021-04-16 19:52:19,-34.2,142.15,42.8,70,0,5.75
494,Yarada,IN,2021-04-16 19:52:56,17.65,83.2667,82.17,71,1,7.87
495,Sinjar,IQ,2021-04-16 19:52:56,36.3209,41.8754,67.89,30,100,6.4
496,Kadoma,JP,2021-04-16 19:52:57,34.7333,135.5833,57.99,54,100,5.35
497,Bowen,AU,2021-04-16 19:52:57,-20.0167,148.2333,66.2,94,90,4.61
498,Morros,BR,2021-04-16 19:52:57,-9.4467,-46.3003,86.34,47,99,3.74
499,Verkhniye Sergi,RU,2021-04-16 19:52:57,56.6469,59.5556,33.15,77,2,3.56
500,Yining,CN,2021-04-16 19:52:58,29.0361,114.5636,56.79,90,100,0.22
501,Kolda,SN,2021-04-16 19:52:58,12.8833,-14.95,104.0,20,0,4.61
502,Comodoro Rivadavia,AR,2021-04-16 19:50:20,-45.8667,-67.5,73.4,31,40,14.97
503,Kirakira,SB,2021-04-16 19:52:59,-10.4544,161.9205,79.74,84,43,7.02
504,Ballina,AU,2021-04-16 19:52:59,-28.8667,153.5667,64.4,82,90,6.91
505,Arrecife,ES,2021-04-16 19:52:59,28.963,-13.5477,69.8,73,40,17.27
506,New Waterford,US,2021-04-16 19:53:00,40.8451,-80.6145,45.0,71,97,3.0
507,Buba,GW,2021-04-16 19:53:00,11.5833,-15.0,79.12,63,0,10.8
508,Tricase,IT,2021-04-16 19:53:00,39.9304,18.3553,52.0,66,40,13.8
509,Igarka,RU,2021-04-16 19:53:01,67.4667,86.5833,-22.97,99,33,5.68
510,Manono,CD,2021-04-16 19:53:01,-7.3,27.4167,69.24,93,92,3.18
511,Kaeo,NZ,2021-04-16 19:51:41,-35.1,173.7833,61.0,89,27,5.99
512,Talnakh,RU,2021-04-16 19:53:01,69.4865,88.3972,-8.34,99,100,4.21
513,Rovaniemi,FI,2021-04-16 19:53:02,66.5,25.7167,41.0,52,0,5.75
514,Bambous Virieux,MU,2021-04-16 19:53:02,-20.3428,57.7575,80.01,94,75,5.75
515,Omboue,GA,2021-04-16 19:53:02,-1.5746,9.2618,79.32,84,40,5.73
516,Kailua,US,2021-04-16 19:53:03,21.4022,-157.7394,75.2,64,40,4.97
517,Halmstad,SE,2021-04-16 19:53:03,56.6745,12.8568,50.0,32,75,6.91
518,Carira,BR,2021-04-16 19:53:03,-10.3608,-37.7011,76.68,72,88,11.9
519,Svetlogorsk,BY,2021-04-16 19:53:03,52.6333,29.7333,43.97,90,61,5.35
520,Amazar,RU,2021-04-16 19:53:04,53.858,120.875,25.68,64,57,2.95
521,Kununurra,AU,2021-04-16 19:51:05,-15.7667,128.7333,68.0,83,73,3.44
522,Oksfjord,NO,2021-04-16 19:53:04,70.2396,22.3479,43.0,61,75,10.36
523,Clemson,US,2021-04-16 19:53:05,34.6834,-82.8374,69.01,28,1,8.05
524,Cuamba,MZ,2021-04-16 19:53:05,-14.8031,36.5372,67.39,85,90,7.47
525,Inta,RU,2021-04-16 19:53:05,66.0317,60.1659,19.6,86,100,4.09
526,Koungou,YT,2021-04-16 19:53:05,-12.7336,45.2042,82.4,78,0,9.22
527,Makokou,GA,2021-04-16 19:53:06,0.5738,12.8642,72.68,92,90,1.59
528,Abeche,TD,2021-04-16 19:53:06,13.8292,20.8324,83.86,5,5,13.2
529,Balabac,PH,2021-04-16 19:53:06,7.9868,117.0645,80.67,81,100,7.85
530,Aden,YE,2021-04-16 19:49:36,12.7794,45.0367,80.65,76,0,18.59
531,Maltahohe,NA,2021-04-16 19:53:07,-24.8333,16.9833,70.38,27,84,6.71
532,Sayat,TM,2021-04-16 19:53:07,38.7839,63.8803,64.4,36,0,9.22
533,Zhangjiakou,CN,2021-04-16 19:53:08,40.81,114.8794,35.17,30,1,11.34
534,Kismayo,SO,2021-04-16 19:53:08,-0.3582,42.5454,83.39,73,96,11.32
535,La Rioja,ES,2021-04-16 19:53:08,42.25,-2.5,44.6,49,0,8.05
536,Lompoc,US,2021-04-16 19:50:34,34.6391,-120.4579,61.0,67,3,16.11
537,Itarema,BR,2021-04-16 19:49:51,-2.9248,-39.9167,80.98,80,100,15.19
538,Ginir,ET,2021-04-16 19:53:09,7.1333,40.7,60.3,73,10,4.83
539,Datia,IN,2021-04-16 19:53:09,25.6667,78.4667,85.23,26,92,3.78
540,Tromso,NO,2021-04-16 19:53:09,69.6496,18.957,41.0,75,75,21.85
541,Kungurtug,RU,2021-04-16 19:51:35,50.5994,97.5228,25.09,87,6,2.1
542,Riyadh,SA,2021-04-16 19:50:13,24.6877,46.7219,80.6,16,0,5.75
543,Chokwe,MZ,2021-04-16 19:53:10,-24.5333,32.9833,68.47,62,94,14.14
544,Dongsheng,CN,2021-04-16 19:53:10,39.8161,109.9776,29.1,26,0,7.43
545,Ahuimanu,US,2021-04-16 19:53:10,21.4447,-157.8378,75.2,64,40,3.78
546,Sanghar,PK,2021-04-16 19:53:11,26.0466,68.9481,80.6,61,1,9.22
547,Rabo De Peixe,PT,2021-04-16 19:53:11,37.8,-25.5833,62.6,88,20,9.22
548,Vila,PT,2021-04-16 19:53:11,42.0304,-8.1588,60.8,44,0,11.5
549,Lamar,US,2021-04-16 19:48:22,33.6668,-95.5836,53.01,93,90,10.36
550,Santiago Del Estero,AR,2021-04-16 19:53:12,-27.7951,-64.2615,86.61,45,83,5.35
551,Zyryanka,RU,2021-04-16 19:53:12,65.75,150.85,1.18,96,94,9.4
552,Amga,RU,2021-04-16 19:53:12,60.8953,131.9608,29.19,86,100,13.98
553,Antofagasta,CL,2021-04-16 19:51:44,-23.65,-70.4,68.0,56,20,12.66
554,Miyang,CN,2021-04-16 19:53:13,24.4042,103.4428,61.65,87,100,4.72
555,Ambon,ID,2021-04-16 19:53:13,-3.6954,128.1814,80.71,76,37,7.94
556,Bonavista,CA,2021-04-16 19:53:13,48.6499,-53.1147,35.6,64,96,5.75
557,Menongue,AO,2021-04-16 19:53:14,-14.6585,17.691,65.88,66,79,3.42
558,Sabha,LY,2021-04-16 19:53:14,27.0377,14.4283,95.83,7,92,10.54
559,Marsabit,KE,2021-04-16 19:53:14,2.3284,37.9899,70.2,63,62,9.8
560,Popondetta,PG,2021-04-16 19:53:14,-8.7537,148.2534,73.8,95,100,2.59
561,Gamba,GA,2021-04-16 19:53:15,-2.65,10.0,78.91,87,85,4.23
562,Kyra,RU,2021-04-16 19:53:15,49.5776,111.9753,27.14,54,3,3.31
563,Los Llanos De Aridane,ES,2021-04-16 19:51:18,28.6585,-17.9182,69.8,68,75,14.97
564,Sheltozero,RU,2021-04-16 19:53:16,61.3667,35.3667,32.2,92,6,4.63
565,Brigham City,US,2021-04-16 19:53:16,41.5102,-112.0155,50.0,25,40,6.91
566,Yerbogachen,RU,2021-04-16 19:52:42,61.2767,108.0108,14.22,85,11,10.71
567,Thinadhoo,MV,2021-04-16 19:53:16,0.5333,72.9333,82.15,63,46,3.47
568,Carutapera,BR,2021-04-16 19:53:17,-1.195,-46.02,78.46,89,100,7.54
569,Hachinohe,JP,2021-04-16 19:53:17,40.5,141.5,46.0,83,100,9.22
570,Neyshabur,IR,2021-04-16 19:53:17,36.2133,58.7958,59.85,42,100,3.15
571,Moyale,KE,2021-04-16 19:53:18,3.5167,39.0584,70.59,71,57,4.83
572,Taoudenni,ML,2021-04-16 19:53:18,22.6783,-3.9836,86.83,13,100,9.53
